{"dual_bound": 12463616.022092286, "primal_bound": 12463616.022092318}